07,5d1be7e9dda1ee8896be5b7e34a85ee16452a7b4
63,84a516841ba77a5b4648de2cd0dfcb30ea46dbb4
07,5d1be7e9dda1ee8896be5b7e34a85ee16452a7b4
d2,f8998da85fb12d4e8a858d364ab485dfad0863b4
27,bb589d0621e5472f470fa3425a234c74b1e202e8
6d,6b0d31c0d563223024da45691584643ac78c96e8
27,bb589d0621e5472f470fa3425a234c74b1e202e8
bf,d3fe83b8d87ccda2bbca5e81ce3ab1a1400bfbe8
57,e2415cb7f63df0c9de23362326ad3c37a9adfc96
ab,fe83f217d464f6fdfa5b2b1f87fe3a1a47371196
75,51e69892ab49df85c6230ccc57f8e1d1606caccc
ed,1dc3882d4bcccb325751803b817489c3715db4cc
93,bb7d065b776833337d3e1a3071de4d5d2759d78b
c1,cb46c744c83541a0900e1e61780c18d43031a08b
ce,82bb3eab86d4063ea4a3cb97821feb07cecf7b72
f6,9b16668f4e16c0e9932661855b7bcb5bad8b0f72
