22f2,fa6955fc709954ff76e1000dc2991427d16f8a5e
fd79,c6cc7667dfd9577caf720144c53dd6fdde6f8a5e
3fa3,c95683877e6d779ee212382e2c7ab4a2b973423b
95bb,5d6c76489cf948ba62baa8481ec459fc3173423b
3fa7,64aa78d8e9e3661a8ba221025b4504dce31f1cf1
9bac,14477f5c6d4ea5b0d453e5fe2280ea4cba1f1cf1
3fe1,86e912f2e8d790f3b65af66f1589f8fc43590a02
99fc,46dfa588fbb1601094f4f13608b23430a9590a02
6b81,a41a28605c31805ed163f5e75ae55d103bcc5183
f9f5,fde33e9d74fe403e2f0d40f1b3fb244c9ccc5183
6bb5,dbcf9aa9bababd31c5510c3b97544ff442d9318e
a3d4,ec7f65e10a840d1594ea75cb06e8af893cd9318e
8afb,2e347e27ea083f679385fd0f867e880c17725bdd
9481,9305ec06b5ffe94d8cd1e7d12ca5f98d76725bdd
a9e5,db8421a89a3680d88c4ed49d52aaf5f3764a78a8
d2bd,3932e1ac7b40e4f49cfcbaf3b3db9347674a78a8
b7d7,32467076ed0d101f15e239f3a5733f443532a001
d306,9d3a63b40613520b1cfd9bdabe46e578ca32a001
