1a3b,96a86462fd6374b922cd173af5869cf18a3d3266
3160,0acf7e7d87e8a0a0118b922fc0064aedda3d3266
1a8e,0d494a7efdb012bedf77db553d7d366cf1c4220a
f759,75d3308848948205ab9f09fee47abf54ddc4220a
558d,1d1a5044a9ba51c34da9eb82e8cd24ad126ccb53
e013,d5de9b30cd32f0c37021b1df0eba4e55f66ccb53
7722,9d45cf39b3633c4fa4e4dd05adaa8e4fa4b11b14
7ad5,cdc76d3a8d24ed3c8f2d8a2011d0803d53b11b14
86ca,5cda08f59189b8b61d687216cbd434342f554626
de38,5142aedda05108deff1a04533d2182969e554626
dd7c,0a65fe2291a37f9cc541998bb8cae49256e8f14a
eab3,b0e82f7fc41ae4e0ec79c3690e67e3410ce8f14a
f21e,f572b4b86ba98df0f8a80206595c86dec037c54d
f36e,fa3b3b63682e8d103969b1b77bbfb9fcf737c54d
