08ed,b975efa0ab182f32f25591de351cebe5cc9309a8
1b68,ee4bcbf04611e3fc07d21ec9d8e65d9b1d9309a8
1471,56f9583592ad7a6aefa584975e201f342c3d7bc0
7a44,a6c5bbd2be2e848f7ac6244250e547d3413d7bc0
51f6,8d75bb007cff2fa7c30f619f9771c8963d1d129b
c001,fb387ef20626ef7b9d704c39fed2b46fde1d129b
5e27,a81f95218298379232ae45c2dd3608446c12f5af
6e21,be86ded6f79cc18b8f5e9d7fcfc9a8c31712f5af
876d,e436139274789cb1d9ecae52b287d1b9dba247fd
c399,7b9cca7039b4877dfcb5f2a0eafa6c7337a247fd
a6f9,b887bcb5bca461e80543f917acc7ef4a15fdfc56
e9d1,ec6f8bb32d6ff27419d6669f96866b713cfdfc56
b604,e134830d8827514d4483bf3109b57ced73d97090
e7a5,6d15102b10ab947bf55294437ff168a411d97090
ed95,b0c17f18b7f9573f97ad045299f7638910dd24d9
f507,3b50062b1f556dfcda85da05e5ca1cc33ddd24d9
