068d,4057579c91e4d0d0284dc3e3af6e013af152aaa2
e17b,9b83ead62588509cd1bbe0deca08e00cea52aaa2
24cb,e0f39945f485d9ac9e05bf4564bc7569dede7f05
636d,e283e1df945bccf5e009169e7d9f4115c9de7f05
3c2b,19790c7204bae131b24d2db44c71ea9ba3ecb062
7070,6d3236ec3c88039ca534b81acad564e847ecb062
9711,77f3c312ed36a3ca706f6dc18db5d91a1379e1c3
f644,ec619ac4f764b0a28dbfa54ead29a1e42e79e1c3
97ae,aebd7c299263f3a5326f66ec68aa6531ac5da3ba
ceb5,b25886f88159ff4f2f2d5c14b7ca276f655da3ba
b561,e7e0b822e368e27837d3e7fb682e62869c2ba55c
f301,9010b855a709ff98c9e491fd6b658415e12ba55c
