39fb,e4eb6aa2f129dabca9c27d5e3a849d3433fdd130
6c8e,74847a5a4eb735dc1a9131e3f96fa16886fdd130
484b,3cb15a163b8ebe83004d3a7496bed1214d5c34ea
c7e4,87b11f7b1513de4b826051355723b577295c34ea
484d,0bdcc8f4a8b02f74d69a9ecf143cf15f28f98cfc
67bc,1ed80fb4b0a36c72f66826076f7eb23f5af98cfc
8033,e26e6099ae17bbc8a0a0dfa4ea0c10a061cbdcde
f943,c8b3001f022332ff2a6e946f8050771447cbdcde
8fcb,a34f911268475ecd19fa3c56062e359d38b349c9
df13,32d3eb3cbface0d0544eedfac8a29c6611b349c9
9d93,566d349e9558cae0afda8d34f3310c55a58cc2c1
c88c,43ba7fa6551c10d54e531cf9abcec9a68e8cc2c1
9df1,52acce125258ddbaf618c8af19935ad1b3e6951a
d8e4,2b5d6e2a01de35af1ba165eda520120112e6951a
d402,320abf0bfb96a5da21a159fd87981a86a0d48699
f610,29c0aa81886b5f048fd4ef6752cc23b2ecd48699
e1dc,555e46a3c9c7f20c87722c45da318c85bfc8bbdc
f114,62ccb6a22bf0bb763a00687c3e36b8dfcfc8bbdc
